nd_seps,min_nd_dists,double_steps,max_disps,Run 1 MMS,Run 2 MMS,Run 3 MMS,Run 4 MMS,Run 5 MMS,MMS Mean,MMS STD
2.32379000772445,2.0,1.0,2.5,0.47692307692307695,0.4,0.3968253968253968,0.421875,0.453125,0.4297496947496947,0.034651109037553675
2.32379000772445,2.0,1.0,3.0,0.4153846153846154,0.3076923076923077,0.5,0.390625,0.4393939393939394,0.4106191724941725,0.07041543760670056
2.32379000772445,2.0,1.0,1.5,0.3709677419354839,0.3384615384615385,0.36363636363636365,0.43283582089552236,0.4090909090909091,0.38299847480396354,0.03764221291800212
2.32379000772445,1.75,1.0,3.0,0.23333333333333334,0.30303030303030304,0.4393939393939394,0.5538461538461539,0.38461538461538464,0.38284382284382285,0.12365924524662755
2.32379000772445,2.0,1.0,2.0,0.40625,0.453125,0.3384615384615385,0.4,0.28125,0.3758173076923077,0.06675675965263388
2.32379000772445,1.75,1.0,2.0,0.390625,0.3235294117647059,0.46875,0.34375,0.265625,0.3584558823529412,0.07624522699764323
2.32379000772445,1.5,1.0,3.0,0.4647887323943662,0.2054794520547945,0.323943661971831,0.45454545454545453,0.34285714285714286,0.3583228887647178,0.10650820942755503
2.32379000772445,1.75,1.0,2.5,0.37681159420289856,0.3382352941176471,0.3582089552238806,0.265625,0.3076923076923077,0.32931463024734675,0.0438586242330095
2.32379000772445,2.0,3.0,2.5,0.30303030303030304,0.31746031746031744,0.26153846153846155,0.3125,0.4426229508196721,0.3274304065697508,0.06806018557258788
2.32379000772445,2.0,2.0,1.5,0.3492063492063492,0.3125,0.4090909090909091,0.3709677419354839,0.18032786885245902,0.32441857381704026,0.08782773889982402
2.32379000772445,1.75,1.0,1.5,0.3484848484848485,0.4393939393939394,0.25,0.27692307692307694,0.2608695652173913,0.3151342860038512,0.0793724654919802
2.32379000772445,1.75,2.0,2.5,0.328125,0.328125,0.265625,0.36923076923076925,0.24615384615384617,0.3074519230769231,0.05044383951382418
2.32379000772445,1.75,3.0,2.5,0.25,0.31746031746031744,0.24615384615384617,0.296875,0.421875,0.3064728327228327,0.07134084454670736
2.32379000772445,2.0,2.0,2.0,0.2727272727272727,0.34375,0.3230769230769231,0.22727272727272727,0.3548387096774194,0.3043331265508685,0.05336915982215989
2.32379000772445,1.5,1.0,2.0,0.2714285714285714,0.22058823529411764,0.34782608695652173,0.36363636363636365,0.3088235294117647,0.30246055734546784,0.05810993726071202
2.32379000772445,2.0,2.0,3.0,0.296875,0.3076923076923077,0.3870967741935484,0.234375,0.2857142857142857,0.30235067352002837,0.0550860218776491
0.0,2.0,1.0,2.0,0.2923076923076923,0.21875,0.296875,0.296875,0.38461538461538464,0.2978846153846154,0.05877425967395841
2.32379000772445,1.5,2.0,2.5,0.4090909090909091,0.38235294117647056,0.22058823529411764,0.23943661971830985,0.22857142857142856,0.2960080267702471,0.09175966752410133
2.32379000772445,1.75,2.0,3.0,0.3548387096774194,0.40298507462686567,0.2835820895522388,0.2835820895522388,0.15151515151515152,0.2953006229847828,0.09498636053381487
2.0,1.5,1.0,3.0,0.2727272727272727,0.3235294117647059,0.31343283582089554,0.32857142857142857,0.23529411764705882,0.2947110133062723,0.03981578452551684
2.0,2.0,1.0,1.5,0.2698412698412698,0.3064516129032258,0.3333333333333333,0.23809523809523808,0.31746031746031744,0.2930363543266769,0.03859042579427458
2.32379000772445,1.5,1.0,2.5,0.4142857142857143,0.22388059701492538,0.2608695652173913,0.42424242424242425,0.13636363636363635,0.2919283874248183,0.1247736588435473
2.0,2.0,1.0,3.0,0.25757575757575757,0.19047619047619047,0.3230769230769231,0.4,0.25806451612903225,0.2858386774515807,0.07918916450889475
1.5,2.0,1.0,2.5,0.3492063492063492,0.296875,0.25396825396825395,0.23076923076923078,0.2878787878787879,0.2837395243645243,0.04518783000449431
2.32379000772445,2.0,2.0,2.5,0.16666666666666666,0.27692307692307694,0.3225806451612903,0.2903225806451613,0.35384615384615387,0.2820678246484698,0.07107294467232073
2.0,1.5,1.0,2.0,0.3181818181818182,0.3492063492063492,0.22058823529411764,0.2608695652173913,0.2608695652173913,0.28194310662341354,0.051210830272514676
2.32379000772445,0.0,1.0,2.0,0.2,0.323943661971831,0.2112676056338028,0.30158730158730157,0.36666666666666664,0.2806930471719204,0.07250846259545275
2.32379000772445,1.75,2.0,2.0,0.34375,0.2714285714285714,0.2835820895522388,0.28125,0.2222222222222222,0.28044657664060646,0.04327008263446569
2.32379000772445,1.75,3.0,2.0,0.2833333333333333,0.3181818181818182,0.2878787878787879,0.2463768115942029,0.2608695652173913,0.2793280632411067,0.02750123855266831
2.0,1.75,1.0,2.5,0.36065573770491804,0.25757575757575757,0.2222222222222222,0.21739130434782608,0.3283582089552239,0.27724064616118954,0.06435596564140121
2.0,1.75,1.0,2.0,0.3076923076923077,0.27419354838709675,0.25806451612903225,0.24615384615384617,0.2923076923076923,0.27568238213399504,0.024927778371959034
0.0,1.75,1.0,2.5,0.22727272727272727,0.3333333333333333,0.29411764705882354,0.22388059701492538,0.2923076923076923,0.2741823993975004,0.04731691555265717
0.0,2.0,1.0,2.5,0.3125,0.2923076923076923,0.24615384615384617,0.25,0.265625,0.2733173076923077,0.0284457385328712
1.5,2.0,2.0,3.0,0.24615384615384617,0.265625,0.31746031746031744,0.234375,0.30158730158730157,0.27304029304029304,0.035570151635189236
2.0,1.5,1.0,2.5,0.24242424242424243,0.2698412698412698,0.2537313432835821,0.25757575757575757,0.31746031746031744,0.26820658611703385,0.02922275936222173
2.32379000772445,0.0,1.0,3.0,0.34285714285714286,0.19444444444444445,0.09722222222222222,0.24242424242424243,0.4626865671641791,0.2679269238224462,0.14029969091345576
2.32379000772445,1.5,2.0,3.0,0.2318840579710145,0.2608695652173913,0.34328358208955223,0.2318840579710145,0.26865671641791045,0.26731559593337656,0.045621465894705115
2.32379000772445,1.5,1.0,1.5,0.30158730158730157,0.3382352941176471,0.18571428571428572,0.2537313432835821,0.2571428571428571,0.26728221636913474,0.05733877002523389
0.0,2.0,1.0,3.0,0.296875,0.265625,0.3333333333333333,0.23809523809523808,0.19696969696969696,0.2661796536796537,0.05251400080924045
1.5,1.75,1.0,2.0,0.2028985507246377,0.20634920634920634,0.31746031746031744,0.2727272727272727,0.328125,0.26551206945228684,0.0593543507234042
0.0,1.75,1.0,3.0,0.2698412698412698,0.19047619047619047,0.31343283582089554,0.2903225806451613,0.26229508196721313,0.26527359175014603,0.0462902556569331
2.32379000772445,0.0,1.0,2.5,0.22058823529411764,0.24242424242424243,0.14285714285714285,0.32857142857142857,0.38235294117647056,0.26335879806468043,0.09380900655034191
2.32379000772445,2.0,3.0,2.0,0.208955223880597,0.20967741935483872,0.24193548387096775,0.31746031746031744,0.3387096774193548,0.26334762439721515,0.06104327663924178
2.0,2.0,1.0,2.0,0.265625,0.2153846153846154,0.2857142857142857,0.36923076923076925,0.1791044776119403,0.26301182958832214,0.07265240629361802
1.5,1.5,1.0,2.5,0.15714285714285714,0.3125,0.27941176470588236,0.2878787878787879,0.2698412698412698,0.2613549359137594,0.06036877627291777
2.32379000772445,2.0,3.0,1.5,0.26229508196721313,0.3076923076923077,0.19117647058823528,0.296875,0.24242424242424243,0.26009262053439974,0.04659702726969517
0.0,1.75,1.0,2.0,0.2903225806451613,0.2537313432835821,0.19402985074626866,0.296875,0.25757575757575757,0.2585069064501539,0.04082067944424348
2.32379000772445,1.5,2.0,1.5,0.19047619047619047,0.22857142857142856,0.22535211267605634,0.3142857142857143,0.3230769230769231,0.25635247381726256,0.05890862851240462
1.5,2.0,1.0,1.5,0.21875,0.23809523809523808,0.3384615384615385,0.234375,0.24193548387096775,0.25432345208554885,0.04785249601302569
2.0,2.0,2.0,2.0,0.24242424242424243,0.3125,0.15384615384615385,0.2903225806451613,0.26153846153846155,0.2521262876908038,0.06112619189198673
2.0,2.0,2.0,3.0,0.26865671641791045,0.125,0.3225806451612903,0.30158730158730157,0.23076923076923078,0.2497187787871466,0.07789688675252204
0.0,1.75,1.0,1.5,0.25396825396825395,0.16923076923076924,0.27419354838709675,0.22535211267605634,0.3181818181818182,0.2481853004887989,0.05559801361267589
1.5,1.75,1.0,3.0,0.2153846153846154,0.16666666666666666,0.24615384615384617,0.3076923076923077,0.30158730158730157,0.2474969474969475,0.059404940637714766
0.0,1.5,1.0,2.0,0.23529411764705882,0.2878787878787879,0.208955223880597,0.208955223880597,0.2878787878787879,0.24579242823316574,0.03989579273128148
1.5,1.75,2.0,2.0,0.25,0.3230769230769231,0.21212121212121213,0.28125,0.15151515151515152,0.24359265734265736,0.06566124606454954
1.5,1.75,1.0,2.5,0.3230769230769231,0.27692307692307694,0.19718309859154928,0.19047619047619047,0.2153846153846154,0.24060878089047102,0.05734772794598821
2.0,2.0,1.0,2.5,0.24193548387096775,0.13432835820895522,0.15151515151515152,0.3125,0.359375,0.2399307987190149,0.0981152728540896
0.0,2.0,2.0,3.0,0.23880597014925373,0.14285714285714285,0.27692307692307694,0.1746031746031746,0.3492063492063492,0.23647914274779946,0.08207049303897164
1.5,1.5,1.0,2.0,0.22727272727272727,0.21875,0.29850746268656714,0.24285714285714285,0.19444444444444445,0.23636635545217635,0.03890412640349419
1.5,2.0,1.0,2.0,0.19047619047619047,0.2857142857142857,0.21875,0.2537313432835821,0.23076923076923078,0.23588821004865781,0.0359971836886631
0.0,2.0,2.0,2.0,0.203125,0.29850746268656714,0.2698412698412698,0.3125,0.09230769230769231,0.23525628496710588,0.09031907853642038
0.0,1.5,1.0,1.5,0.1232876712328767,0.27941176470588236,0.2753623188405797,0.22666666666666666,0.2647058823529412,0.23388686075978932,0.0652434949267432
2.32379000772445,1.75,3.0,3.0,0.3333333333333333,0.17647058823529413,0.2647058823529412,0.2463768115942029,0.14516129032258066,0.23320958116767043,0.07443449054858833
0.0,1.5,2.0,2.0,0.3076923076923077,0.296875,0.08571428571428572,0.2835820895522388,0.18181818181818182,0.2311363729554028,0.09554161246953609
1.5,0.0,1.0,2.5,0.16176470588235295,0.2463768115942029,0.2318840579710145,0.26153846153846155,0.2537313432835821,0.23105907605392279,0.04024937265215519
2.32379000772445,1.75,2.0,1.5,0.23880597014925373,0.3076923076923077,0.23076923076923078,0.23076923076923078,0.14705882352941177,0.23101911258188695,0.05698435973763082
2.0,2.0,3.0,3.0,0.3125,0.2,0.18461538461538463,0.25757575757575757,0.2,0.23093822843822842,0.0534369590182556
2.0,0.0,1.0,2.5,0.2916666666666667,0.23943661971830985,0.10294117647058823,0.3287671232876712,0.18840579710144928,0.23024347664893705,0.08877006556134075
0.0,1.5,2.0,2.5,0.2153846153846154,0.328125,0.19402985074626866,0.23529411764705882,0.16923076923076924,0.2284128706017424,0.060918611526162895
2.0,2.0,2.0,2.5,0.19402985074626866,0.19402985074626866,0.2222222222222222,0.140625,0.390625,0.2283063847429519,0.0954229226766784
2.0,0.0,1.0,3.0,0.17647058823529413,0.21739130434782608,0.23529411764705882,0.16901408450704225,0.3235294117647059,0.22433990130038542,0.061966228662685044
2.0,1.75,2.0,2.5,0.234375,0.25757575757575757,0.2608695652173913,0.19696969696969696,0.171875,0.22433300395256914,0.038863335580767475
1.5,1.75,1.0,1.5,0.22950819672131148,0.140625,0.34375,0.23529411764705882,0.171875,0.22421046287367408,0.07772731920219604
2.0,0.0,1.0,2.0,0.1791044776119403,0.31746031746031744,0.30434782608695654,0.16666666666666666,0.14864864864864866,0.2232455872949059,0.08088310020659102
2.32379000772445,2.0,3.0,3.0,0.22388059701492538,0.28125,0.25,0.15151515151515152,0.20634920634920634,0.22259899097585664,0.04875799011961662
2.32379000772445,1.5,3.0,2.5,0.2112676056338028,0.29411764705882354,0.22857142857142856,0.15942028985507245,0.21875,0.22242539422382546,0.048179873391793054
2.0,1.5,1.0,1.5,0.17647058823529413,0.23529411764705882,0.22388059701492538,0.22058823529411764,0.25396825396825395,0.22204035843192999,0.02862320624133041
2.0,2.0,1.0,1.0,0.2028985507246377,0.265625,0.203125,0.25,0.1875,0.22182971014492753,0.03390566553411663
1.5,1.75,2.0,1.5,0.24242424242424243,0.234375,0.2153846153846154,0.21875,0.19696969696969696,0.22158071095571094,0.01767945962472542
1.5,1.75,2.0,3.0,0.296875,0.20634920634920634,0.12698412698412698,0.26666666666666666,0.2,0.21937500000000001,0.06581011905090915
0.0,2.0,1.0,1.0,0.14705882352941177,0.26153846153846155,0.1875,0.1746031746031746,0.3230769230769231,0.2187554765495942,0.07207650214514864
2.0,2.0,2.0,1.5,0.171875,0.30158730158730157,0.208955223880597,0.16923076923076924,0.24193548387096775,0.21871675571392712,0.05510203524119875
2.0,1.75,2.0,3.0,0.1791044776119403,0.18309859154929578,0.2647058823529412,0.15151515151515152,0.3076923076923077,0.21722328214432732,0.06590587626330822
2.0,1.75,2.0,2.0,0.19696969696969696,0.20634920634920634,0.22950819672131148,0.26865671641791045,0.1774193548387097,0.21578063425936697,0.03499541751613283
1.5,1.5,1.0,1.5,0.21739130434782608,0.2,0.208955223880597,0.19696969696969696,0.2537313432835821,0.21540951369634045,0.022867159461744585
1.5,0.0,2.0,3.0,0.18181818181818182,0.18571428571428572,0.22727272727272727,0.2698412698412698,0.21212121212121213,0.21535353535353535,0.03579292288640836
0.0,1.5,1.0,3.0,0.31343283582089554,0.15714285714285714,0.19718309859154928,0.19718309859154928,0.2112676056338028,0.21524189915613082,0.05849144016569487
2.32379000772445,0.0,1.0,1.5,0.22857142857142856,0.17647058823529413,0.20588235294117646,0.136986301369863,0.3142857142857143,0.21243927708069527,0.06645079844916083
2.32379000772445,1.5,3.0,3.0,0.15151515151515152,0.22727272727272727,0.18181818181818182,0.265625,0.23529411764705882,0.2123050356506239,0.04533322884914766
1.5,2.0,3.0,2.5,0.21212121212121213,0.15151515151515152,0.22727272727272727,0.26153846153846155,0.208955223880597,0.2122805552656299,0.03985794796489801
1.5,2.0,1.0,1.0,0.2153846153846154,0.13846153846153847,0.22580645161290322,0.24615384615384617,0.234375,0.21203629032258067,0.04265295505603341
2.0,1.75,2.0,1.5,0.25,0.2153846153846154,0.234375,0.19047619047619047,0.16923076923076924,0.21189331501831501,0.03259033911638593
1.5,0.0,2.0,2.0,0.08823529411764706,0.19696969696969696,0.23333333333333334,0.23880597014925373,0.296875,0.21084385891398622,0.07732135198641447
2.32379000772445,2.0,1.0,1.0,0.25,0.19117647058823528,0.24615384615384617,0.208955223880597,0.15625,0.21050710812453569,0.0392119054469474
1.5,0.0,2.0,2.5,0.1527777777777778,0.22535211267605634,0.2028985507246377,0.18461538461538463,0.2857142857142857,0.2102716223016284,0.04984266126410659
0.0,0.0,1.0,2.5,0.2602739726027397,0.2,0.125,0.23880597014925373,0.22727272727272727,0.21027053400494414,0.052393313985898006
0.0,2.0,2.0,2.5,0.2153846153846154,0.140625,0.24615384615384617,0.3387096774193548,0.1076923076923077,0.2097130893300248,0.09107911214654722
2.32379000772445,1.75,3.0,1.5,0.1267605633802817,0.18461538461538463,0.23880597014925373,0.19117647058823528,0.30434782608695654,0.2091412429640224,0.06643627896685782
2.32379000772445,1.5,3.0,2.0,0.17647058823529413,0.22388059701492538,0.19696969696969696,0.17391304347826086,0.2727272727272727,0.20879223968509,0.04097672197038112
2.32379000772445,1.5,2.0,2.0,0.11940298507462686,0.2753623188405797,0.21875,0.19696969696969696,0.22727272727272727,0.20755154563152617,0.05699731484494013
2.0,1.75,1.0,3.0,0.14492753623188406,0.19696969696969696,0.21875,0.30303030303030304,0.16923076923076924,0.20658166109253068,0.06070238688245194
1.5,0.0,1.0,2.0,0.3235294117647059,0.17105263157894737,0.14285714285714285,0.19444444444444445,0.2,0.20637672612904812,0.06926457039640439
2.0,1.75,3.0,1.5,0.15714285714285714,0.21875,0.2537313432835821,0.12857142857142856,0.2727272727272727,0.2061845803450281,0.061796857301542434
0.0,1.75,2.0,1.5,0.27692307692307694,0.2,0.20588235294117646,0.13432835820895522,0.21212121212121213,0.20585100003888415,0.05059713220870771
1.5,1.75,3.0,3.0,0.16666666666666666,0.18181818181818182,0.19696969696969696,0.265625,0.2153846153846154,0.20529283216783217,0.03825614007486778
1.5,1.5,2.0,3.0,0.17142857142857143,0.22058823529411764,0.24615384615384617,0.18571428571428572,0.2,0.20477698771816416,0.029412425317740715
2.32379000772445,0.0,2.0,2.5,0.3,0.17647058823529413,0.2318840579710145,0.14084507042253522,0.17391304347826086,0.20462255202142093,0.06253643223877643
1.5,1.75,3.0,2.0,0.19402985074626866,0.19696969696969696,0.140625,0.22727272727272727,0.26153846153846155,0.20408714730543087,0.04477018002951046
1.5,2.0,2.0,2.0,0.2,0.19402985074626866,0.18461538461538463,0.1746031746031746,0.265625,0.2037746819929656,0.035891250037930957
2.0,2.0,3.0,1.5,0.140625,0.20634920634920634,0.15384615384615385,0.296875,0.21875,0.20328907203907204,0.06200427144896284
0.0,0.0,1.0,2.0,0.2465753424657534,0.14492753623188406,0.22388059701492538,0.24324324324324326,0.15625,0.20297534379116122,0.04876550763064559
0.0,0.0,1.0,1.5,0.2054794520547945,0.1891891891891892,0.23880597014925373,0.2318840579710145,0.14925373134328357,0.2029224801415071,0.03606200850210594
1.5,1.5,1.0,3.0,0.20833333333333334,0.19117647058823528,0.17142857142857143,0.328125,0.11267605633802817,0.20234788633763365,0.07902143626375055
1.5,1.75,2.0,2.5,0.21212121212121213,0.3492063492063492,0.140625,0.15625,0.14925373134328357,0.20149125853416897,0.08719658260831588
0.0,2.0,1.0,1.5,0.16923076923076924,0.22727272727272727,0.14925373134328357,0.234375,0.22727272727272727,0.20148099102390143,0.039307145035701076
2.0,1.5,3.0,2.5,0.15492957746478872,0.15151515151515152,0.19402985074626866,0.20833333333333334,0.29850746268656714,0.20146307514922185,0.05954038106012912
1.5,2.0,3.0,1.5,0.16923076923076924,0.296875,0.16666666666666666,0.19696969696969696,0.171875,0.20032342657342656,0.05532245845033182
0.0,2.0,3.0,2.0,0.28125,0.16923076923076924,0.15151515151515152,0.203125,0.1875,0.19852418414918416,0.0501353519425198
0.0,0.0,2.0,2.5,0.11594202898550725,0.2,0.14705882352941177,0.22807017543859648,0.296875,0.1975892055907031,0.07073215566999455
0.0,0.0,2.0,3.0,0.22535211267605634,0.23529411764705882,0.2,0.18840579710144928,0.136986301369863,0.1972076657588855,0.03858293165687346
0.0,1.5,1.0,2.5,0.2028985507246377,0.23943661971830985,0.17391304347826086,0.16176470588235295,0.20588235294117646,0.19677905454894756,0.030367932165654844
1.5,2.0,2.0,2.5,0.15625,0.27419354838709675,0.140625,0.234375,0.1774193548387097,0.1965725806451613,0.056073447127403704
0.0,2.0,3.0,2.5,0.203125,0.1746031746031746,0.2222222222222222,0.21212121212121213,0.16417910447761194,0.19525014268484417,0.02482864345102359
2.0,1.75,3.0,2.0,0.26153846153846155,0.17391304347826086,0.1774193548387097,0.21311475409836064,0.14925373134328357,0.19504786905941526,0.04359460872161989
2.0,1.75,3.0,2.5,0.19696969696969696,0.2,0.2923076923076923,0.11428571428571428,0.16176470588235295,0.1930655618890913,0.06538030500049333
1.5,2.0,1.0,3.0,0.2,0.208955223880597,0.16417910447761194,0.125,0.265625,0.1927518656716418,0.0525173684593198
1.5,1.5,2.0,1.5,0.19718309859154928,0.23076923076923078,0.22388059701492538,0.19117647058823528,0.11940298507462686,0.19248247640771352,0.044204442906857655
2.0,1.5,2.0,1.5,0.15942028985507245,0.14492753623188406,0.22388059701492538,0.16666666666666666,0.265625,0.1921040179537097,0.050882195138526744
1.5,1.5,2.0,2.5,0.20588235294117646,0.15625,0.18840579710144928,0.22058823529411764,0.18461538461538463,0.1911483539904256,0.02424816361418815
2.0,2.0,3.0,2.5,0.18461538461538463,0.09523809523809523,0.171875,0.23809523809523808,0.265625,0.19108974358974357,0.06588566450474118
2.0,1.5,2.0,2.0,0.22857142857142856,0.14285714285714285,0.21875,0.22388059701492538,0.13513513513513514,0.18983886071572637,0.04662264740181435
1.5,1.75,1.0,1.0,0.14705882352941177,0.1935483870967742,0.26153846153846155,0.2,0.14285714285714285,0.18900056300435808,0.048196840599273844
2.32379000772445,1.75,1.0,1.0,0.23529411764705882,0.13432835820895522,0.15942028985507245,0.2463768115942029,0.16923076923076924,0.18893006930721173,0.04921887224307551
2.0,1.5,3.0,3.0,0.208955223880597,0.1791044776119403,0.17391304347826086,0.234375,0.14705882352941177,0.18868131370004199,0.033694189723505394
1.5,1.5,3.0,1.5,0.19718309859154928,0.22058823529411764,0.14705882352941177,0.16176470588235295,0.21428571428571427,0.1881761155166292,0.03240978501817159
0.0,1.75,3.0,3.0,0.12698412698412698,0.2,0.26865671641791045,0.13432835820895522,0.20588235294117646,0.18717031091043382,0.05824393621343913
1.5,1.5,3.0,3.0,0.2647058823529412,0.25,0.16417910447761194,0.12857142857142856,0.125,0.18649128308039634,0.06667945976714851
2.32379000772445,2.0,3.0,1.0,0.13846153846153847,0.1506849315068493,0.20588235294117646,0.21739130434782608,0.21428571428571427,0.18534116830862093,0.03770176611221382
2.0,0.0,3.0,3.0,0.24285714285714285,0.20967741935483872,0.21739130434782608,0.15151515151515152,0.10144927536231885,0.1845780586874556,0.05724222457272827
0.0,1.75,3.0,2.0,0.14285714285714285,0.16923076923076924,0.265625,0.16176470588235295,0.17647058823529413,0.18318964124111184,0.047752807341094015
1.5,1.5,2.0,2.0,0.19718309859154928,0.19402985074626866,0.16417910447761194,0.14084507042253522,0.21739130434782608,0.18272568571715825,0.030151565723044046
1.5,2.0,2.0,1.0,0.19696969696969696,0.1791044776119403,0.1111111111111111,0.24615384615384617,0.1791044776119403,0.18248872189170698,0.048426790689553995
0.0,1.75,2.0,3.0,0.19402985074626866,0.18840579710144928,0.13846153846153847,0.20588235294117646,0.18461538461538463,0.18227898477316348,0.02577870746756689
0.0,1.5,3.0,3.0,0.16901408450704225,0.1791044776119403,0.16666666666666666,0.2835820895522388,0.11267605633802817,0.18220867493518322,0.06232303249743538
0.0,1.75,2.0,2.5,0.16129032258064516,0.18461538461538463,0.22727272727272727,0.15384615384615385,0.18181818181818182,0.18176855402661857,0.028625840970718984
1.5,2.0,3.0,2.0,0.07936507936507936,0.23809523809523808,0.20634920634920634,0.16666666666666666,0.2153846153846154,0.18117216117216117,0.062489406282984404
1.5,1.75,3.0,1.5,0.24615384615384617,0.19696969696969696,0.19047619047619047,0.16666666666666666,0.10294117647058823,0.1806415153473977,0.05217239426864935
2.32379000772445,1.5,1.0,1.0,0.08695652173913043,0.13636363636363635,0.2028985507246377,0.21212121212121213,0.2647058823529412,0.18060916066031157,0.06944524478564126
1.5,0.0,3.0,2.0,0.1875,0.1791044776119403,0.14285714285714285,0.16666666666666666,0.22058823529411764,0.1793433044859735,0.028546760648801874
1.5,0.0,1.0,1.5,0.22388059701492538,0.17567567567567569,0.17391304347826086,0.13157894736842105,0.18571428571428572,0.17815250985031375,0.03294481338107128
0.0,0.0,1.0,3.0,0.15492957746478872,0.12307692307692308,0.203125,0.19117647058823528,0.21739130434782608,0.17793985509555463,0.038423074278320854
0.0,2.0,2.0,1.0,0.20588235294117646,0.15873015873015872,0.203125,0.16666666666666666,0.14705882352941177,0.17629260037348274,0.026698514900208307
2.0,1.5,2.0,2.5,0.15942028985507245,0.14492753623188406,0.2191780821917808,0.13636363636363635,0.2153846153846154,0.17505483200539781,0.039441266820073435
1.5,2.0,3.0,3.0,0.2,0.171875,0.14516129032258066,0.1746031746031746,0.1746031746031746,0.173248527905786,0.019429943955917617
1.5,1.5,1.0,1.0,0.1791044776119403,0.18840579710144928,0.2,0.2222222222222222,0.07462686567164178,0.1728718725214507,0.05723552626225896
2.32379000772445,1.75,3.0,1.0,0.14084507042253522,0.1038961038961039,0.22388059701492538,0.2465753424657534,0.14666666666666667,0.1723727560931969,0.0602140585624928
0.0,2.0,3.0,1.0,0.19402985074626866,0.14666666666666667,0.17142857142857143,0.22058823529411764,0.1282051282051282,0.17218369046815052,0.036762947807127244
2.32379000772445,2.0,2.0,1.0,0.15942028985507245,0.14084507042253522,0.18840579710144928,0.2222222222222222,0.14705882352941177,0.1715904406261382,0.033695415552834514
2.0,0.0,2.0,2.5,0.16666666666666666,0.14084507042253522,0.1935483870967742,0.15942028985507245,0.19718309859154928,0.17153270252651956,0.023742118667318516
0.0,1.5,2.0,3.0,0.21212121212121213,0.16901408450704225,0.20588235294117646,0.04477611940298507,0.2222222222222222,0.17080319823892762,0.07325924330939763
0.0,1.5,1.0,1.0,0.136986301369863,0.140625,0.21212121212121213,0.14285714285714285,0.2153846153846154,0.16959485434656668,0.040381520294827306
2.0,1.5,3.0,1.5,0.0958904109589041,0.14925373134328357,0.2,0.22388059701492538,0.17647058823529413,0.16909906551048143,0.04940538352001801
2.0,0.0,1.0,1.5,0.14705882352941177,0.21739130434782608,0.1323529411764706,0.20634920634920634,0.14084507042253522,0.16879946916508998,0.03985474467726992
0.0,1.75,1.0,1.0,0.18461538461538463,0.17647058823529413,0.19696969696969696,0.12698412698412698,0.15873015873015872,0.1687539911069323,0.027168246616964174
2.0,1.75,1.0,1.0,0.16923076923076924,0.16666666666666666,0.13846153846153847,0.1111111111111111,0.25806451612903225,0.16870692031982354,0.05527494311080862
2.0,2.0,3.0,2.0,0.12121212121212122,0.2,0.15625,0.13846153846153847,0.22727272727272727,0.1686392773892774,0.04397414476704837
0.0,2.0,3.0,3.0,0.15151515151515152,0.15384615384615385,0.18461538461538463,0.27692307692307694,0.07575757575757576,0.16853146853146855,0.07266299233265604
1.5,0.0,3.0,2.5,0.22950819672131148,0.21875,0.14516129032258066,0.1746031746031746,0.07462686567164178,0.1685299054637417,0.06253232674740346
0.0,1.5,3.0,1.0,0.14666666666666667,0.1527777777777778,0.17391304347826086,0.15942028985507245,0.2,0.16655555555555557,0.02126599733774066
0.0,1.75,2.0,1.0,0.17391304347826086,0.23076923076923078,0.14492753623188406,0.16666666666666666,0.11428571428571428,0.16611243828635133,0.04294317996005684
2.0,1.5,1.0,1.0,0.11940298507462686,0.24242424242424243,0.16923076923076924,0.16923076923076924,0.125,0.16505775319208155,0.04926810130420248
2.0,1.75,3.0,1.0,0.15942028985507245,0.125,0.12162162162162163,0.18055555555555555,0.23529411764705882,0.1643783169358617,0.04662113981687522
0.0,2.0,2.0,1.5,0.2222222222222222,0.18181818181818182,0.15384615384615385,0.16923076923076924,0.09375,0.16417346542346542,0.04683131524683953
0.0,1.5,2.0,1.5,0.20634920634920634,0.09230769230769231,0.21428571428571427,0.15492957746478872,0.1527777777777778,0.1641299936370359,0.049168134159037716
2.0,1.75,3.0,3.0,0.1791044776119403,0.1111111111111111,0.14705882352941177,0.22388059701492538,0.15714285714285714,0.16365957328204914,0.0416668637148098
2.0,1.5,2.0,1.0,0.14925373134328357,0.22727272727272727,0.1875,0.14084507042253522,0.10144927536231885,0.16126416088017298,0.04791779495608461
2.0,2.0,2.0,1.0,0.1267605633802817,0.15384615384615385,0.1791044776119403,0.14084507042253522,0.2028985507246377,0.16069096319710977,0.03046522962657492
1.5,2.0,2.0,1.5,0.11940298507462686,0.09230769230769231,0.1791044776119403,0.22388059701492538,0.1875,0.16043915040183696,0.053458777614139946
0.0,0.0,2.0,2.0,0.12857142857142856,0.136986301369863,0.20270270270270271,0.16666666666666666,0.16417910447761194,0.15982124075765458,0.029166144024967634
0.0,1.75,3.0,2.5,0.10606060606060606,0.16176470588235295,0.16923076923076924,0.234375,0.12307692307692308,0.15890160085013028,0.04971594647846236
2.0,1.5,2.0,3.0,0.12857142857142856,0.171875,0.19047619047619047,0.13432835820895522,0.16923076923076924,0.1588963492974687,0.026437279462225793
0.0,1.75,2.0,2.0,0.234375,0.1323529411764706,0.15714285714285714,0.11594202898550725,0.15384615384615385,0.15873179623019779,0.0454837791973364
0.0,1.5,3.0,2.5,0.0821917808219178,0.16176470588235295,0.1791044776119403,0.1875,0.18181818181818182,0.15847582922687858,0.04371178845135448
1.5,0.0,1.0,3.0,0.1388888888888889,0.20588235294117646,0.18840579710144928,0.13636363636363635,0.11940298507462686,0.15778873207395555,0.037215942183191755
1.5,1.5,3.0,2.5,0.17647058823529413,0.19402985074626866,0.058823529411764705,0.07352941176470588,0.2857142857142857,0.15771353317446382,0.09343593236679804
0.0,1.75,3.0,1.5,0.14084507042253522,0.12857142857142856,0.22727272727272727,0.171875,0.11940298507462686,0.15759344226826358,0.04370486789002817
0.0,0.0,2.0,1.5,0.1,0.14705882352941177,0.11594202898550725,0.17647058823529413,0.2459016393442623,0.1570746160188951,0.05769783665792978
2.0,1.75,1.0,1.5,0.15384615384615385,0.23529411764705882,0.11764705882352941,0.16417910447761194,0.109375,0.15606828695887082,0.05000977230271547
2.0,0.0,2.0,2.0,0.14492753623188406,0.15384615384615385,0.14516129032258066,0.2028985507246377,0.13333333333333333,0.15603337289171793,0.02719357646449684
2.32379000772445,1.5,2.0,1.0,0.136986301369863,0.13513513513513514,0.17391304347826086,0.17391304347826086,0.1527777777777778,0.15454506024785952,0.01896322785269206
1.5,1.5,3.0,2.0,0.16901408450704225,0.14084507042253522,0.13043478260869565,0.2,0.1323529411764706,0.15452937574294873,0.029736292383194512
2.0,0.0,2.0,3.0,0.15714285714285714,0.16216216216216217,0.17142857142857143,0.14492753623188406,0.1267605633802817,0.1524843380691513,0.01727037850600678
0.0,2.0,3.0,1.5,0.13043478260869565,0.1044776119402985,0.22388059701492538,0.1791044776119403,0.12121212121212122,0.1518219180775962,0.04891994433835506
2.0,1.5,3.0,2.0,0.125,0.1527777777777778,0.1527777777777778,0.16417910447761194,0.16417910447761194,0.1517827529021559,0.016020573232478106
2.0,0.0,2.0,1.0,0.19402985074626866,0.1267605633802817,0.08333333333333333,0.15714285714285714,0.19444444444444445,0.15114220980943704,0.04728358449155411
1.5,1.75,3.0,1.0,0.14285714285714285,0.13846153846153847,0.14864864864864866,0.19444444444444445,0.13043478260869565,0.15096931140409403,0.025196186238528217
2.32379000772445,1.5,3.0,1.5,0.11428571428571428,0.11594202898550725,0.16417910447761194,0.2537313432835821,0.10606060606060606,0.15083975941860434,0.06189474641935417
2.32379000772445,1.75,2.0,1.0,0.14864864864864866,0.16176470588235295,0.19117647058823528,0.14492753623188406,0.1,0.14930347227022417,0.03301151435243463
1.5,1.75,3.0,2.5,0.18032786885245902,0.18461538461538463,0.125,0.09375,0.16129032258064516,0.14899671520969776,0.03882494514911041
0.0,1.75,3.0,1.0,0.14925373134328357,0.1038961038961039,0.1232876712328767,0.1917808219178082,0.1643835616438356,0.14652037800678158,0.0343935304259424
2.0,2.0,3.0,1.0,0.15942028985507245,0.17391304347826086,0.1111111111111111,0.08450704225352113,0.2028985507246377,0.14637000748452064,0.047944293568672164
1.5,1.5,3.0,1.0,0.1643835616438356,0.13043478260869565,0.19444444444444445,0.07894736842105263,0.15789473684210525,0.14522097879202672,0.04347873424064561
1.5,1.75,2.0,1.0,0.14705882352941177,0.14285714285714285,0.08695652173913043,0.2,0.14705882352941177,0.14478626233101938,0.04002151388643846
1.5,0.0,3.0,3.0,0.19402985074626866,0.13432835820895522,0.19117647058823528,0.07142857142857142,0.1267605633802817,0.14354476287046244,0.05095321435747093
1.5,1.5,2.0,1.0,0.1791044776119403,0.21428571428571427,0.058823529411764705,0.1388888888888889,0.125,0.14322052203966162,0.058761217333938985
2.0,0.0,1.0,1.0,0.13043478260869565,0.17142857142857143,0.13513513513513514,0.0945945945945946,0.1791044776119403,0.14213951227578742,0.03417176773806799
2.0,0.0,2.0,1.5,0.14285714285714285,0.13432835820895522,0.1323529411764706,0.136986301369863,0.15714285714285714,0.14073352015105775,0.009988467925015149
2.0,1.75,2.0,1.0,0.08955223880597014,0.13043478260869565,0.15384615384615385,0.1791044776119403,0.14864864864864866,0.1403172603042817,0.03328528951282865
2.0,0.0,3.0,2.5,0.13636363636363635,0.11764705882352941,0.16666666666666666,0.09859154929577464,0.1791044776119403,0.13967467775230946,0.03341885327569051
2.0,0.0,3.0,2.0,0.2028985507246377,0.15714285714285714,0.08450704225352113,0.08571428571428572,0.16417910447761194,0.1388883680625827,0.05209357646284417
1.5,0.0,2.0,1.5,0.14705882352941177,0.10606060606060606,0.09230769230769231,0.140625,0.18181818181818182,0.1335740607431784,0.03542228515541878
0.0,0.0,1.0,1.0,0.12,0.14084507042253522,0.10810810810810811,0.15789473684210525,0.13114754098360656,0.13159909127127103,0.01912797828055879
2.0,0.0,3.0,1.5,0.12121212121212122,0.09722222222222222,0.125,0.16216216216216217,0.1506849315068493,0.131256287420671,0.025646585082674336
0.0,0.0,3.0,2.5,0.0958904109589041,0.14705882352941177,0.12162162162162163,0.1,0.17647058823529413,0.12820828886904634,0.033793968308196955
2.0,1.5,3.0,1.0,0.1388888888888889,0.0821917808219178,0.15,0.14285714285714285,0.12162162162162163,0.12711188683791425,0.02719575116251503
1.5,2.0,3.0,1.0,0.11428571428571428,0.16216216216216217,0.17142857142857143,0.125,0.058823529411764705,0.12633999545764252,0.044782200091708316
0.0,1.5,3.0,2.0,0.09722222222222222,0.11290322580645161,0.041666666666666664,0.17647058823529413,0.19696969696969696,0.12504647998006632,0.06263231845832513
1.5,0.0,3.0,1.5,0.0684931506849315,0.1232876712328767,0.1527777777777778,0.17142857142857143,0.1044776119402985,0.12409295661289119,0.04043583820583738
2.32379000772445,1.5,3.0,1.0,0.13513513513513514,0.0759493670886076,0.2,0.1267605633802817,0.0759493670886076,0.1227588865385264,0.05127776510804608
2.32379000772445,0.0,3.0,2.0,0.08823529411764706,0.16666666666666666,0.15714285714285714,0.11428571428571428,0.07894736842105263,0.12105558012678755,0.03961933406831124
0.0,1.5,2.0,1.0,0.1506849315068493,0.17333333333333334,0.07042253521126761,0.09230769230769231,0.11594202898550725,0.12053810426892997,0.041910075560541465
0.0,0.0,3.0,3.0,0.1891891891891892,0.09722222222222222,0.08450704225352113,0.08695652173913043,0.14084507042253522,0.11974400916531965,0.04497716606986368
1.5,0.0,1.0,1.0,0.12162162162162163,0.1076923076923077,0.0958904109589041,0.15492957746478872,0.1044776119402985,0.11692230593558413,0.023178870440171404
1.5,0.0,3.0,1.0,0.16216216216216217,0.0547945205479452,0.1282051282051282,0.06097560975609756,0.17142857142857143,0.11551319841998091,0.055056439810387395
0.0,0.0,3.0,1.5,0.10810810810810811,0.171875,0.0684931506849315,0.125,0.08823529411764706,0.11234231058213733,0.039453085265362245
0.0,1.5,3.0,1.5,0.1,0.15714285714285714,0.08450704225352113,0.07246376811594203,0.14492753623188406,0.11180824074884088,0.037366069811093645
2.0,0.0,3.0,1.0,0.0945945945945946,0.1506849315068493,0.06172839506172839,0.07692307692307693,0.14705882352941177,0.1061979643231322,0.04067523778639276
0.0,0.0,2.0,1.0,0.09333333333333334,0.08333333333333333,0.14285714285714285,0.0958904109589041,0.1125,0.10558284409654273,0.023325173617547622
0.0,0.0,3.0,2.0,0.08,0.14285714285714285,0.06329113924050633,0.15942028985507245,0.08108108108108109,0.10532993060676055,0.04281042714775947
2.32379000772445,0.0,3.0,1.5,0.13157894736842105,0.14705882352941177,0.1232876712328767,0.0958904109589041,0.02631578947368421,0.10482632851265956,0.04765465032064801
2.32379000772445,0.0,3.0,2.5,0.140625,0.15873015873015872,0.19117647058823528,0.014285714285714285,0.0,0.10096346872082165,0.08768561508883194
1.5,0.0,2.0,1.0,0.10810810810810811,0.08450704225352113,0.15492957746478872,0.1038961038961039,0.05128205128205128,0.10054457660091462,0.0377828233850045
2.32379000772445,0.0,2.0,2.0,0.11475409836065574,0.11764705882352941,0.12162162162162163,0.11940298507462686,0.014492753623188406,0.0975837035007244,0.04651711833829156
2.5,2.0,1.0,3.0,0.031746031746031744,0.1774193548387097,0.058823529411764705,0.10294117647058823,0.109375,0.09606101849341887,0.055603115208693016
2.32379000772445,0.0,1.0,1.0,0.10144927536231885,0.1076923076923077,0.041666666666666664,0.125,0.09375,0.09391164994425864,0.031395749085188704
0.0,0.0,3.0,1.0,0.06666666666666667,0.1232876712328767,0.06944444444444445,0.0641025641025641,0.13924050632911392,0.09254837055513317,0.035839496550342416
2.32379000772445,0.0,3.0,3.0,0.1388888888888889,0.11842105263157894,0.07462686567164178,0.11842105263157894,0.0,0.09007157196473772,0.05554715017107347
2.32379000772445,0.0,2.0,1.5,0.05405405405405406,0.058823529411764705,0.07246376811594203,0.12307692307692308,0.11594202898550725,0.08487206072883823,0.03243144954846063
2.5,1.75,1.0,2.0,0.10606060606060606,0.12903225806451613,0.07692307692307693,0.015625,0.07462686567164178,0.08045356134396818,0.042616802973767215
2.5,1.75,2.0,2.5,0.125,0.05714285714285714,0.06060606060606061,0.08064516129032258,0.07575757575757576,0.07983033095936322,0.02711938570208642
2.5,1.5,1.0,3.0,0.09090909090909091,0.04411764705882353,0.07936507936507936,0.12121212121212122,0.04477611940298507,0.07607601158962002,0.03266927805738125
2.32379000772445,0.0,2.0,3.0,0.13432835820895522,0.08333333333333333,0.07575757575757576,0.07936507936507936,0.0,0.07455686933298873,0.048044106160813914
2.5,1.75,2.0,3.0,0.1076923076923077,0.05970149253731343,0.047619047619047616,0.06557377049180328,0.09090909090909091,0.07429914184991258,0.024454267683190686
2.5,1.5,1.0,2.5,0.07692307692307693,0.09090909090909091,0.04477611940298507,0.07575757575757576,0.07692307692307693,0.07305778798316112,0.016997731944565254
2.5,1.5,1.0,1.5,0.09090909090909091,0.05970149253731343,0.058823529411764705,0.058823529411764705,0.09230769230769231,0.07211306691552521,0.017807191000900835
2.5,1.75,3.0,2.0,0.06153846153846154,0.14285714285714285,0.078125,0.04838709677419355,0.029411764705882353,0.07206389317513606,0.04341370946598863
2.5,0.0,1.0,2.5,0.12857142857142856,0.04225352112676056,0.04411764705882353,0.05714285714285714,0.058823529411764705,0.0661817966623269,0.03566406371318433
2.5,1.75,3.0,3.0,0.07692307692307693,0.07246376811594203,0.058823529411764705,0.029850746268656716,0.09230769230769231,0.06607376260542654,0.023512930767491447
2.5,2.0,1.0,2.5,0.09375,0.015873015873015872,0.06557377049180328,0.09375,0.058823529411764705,0.06555406315531678,0.032029395252709474
2.5,2.0,2.0,2.0,0.07692307692307693,0.03125,0.078125,0.078125,0.06153846153846154,0.06519230769230769,0.020233331723864188
2.5,2.0,3.0,3.0,0.06153846153846154,0.07575757575757576,0.046875,0.045454545454545456,0.09090909090909091,0.06410693473193474,0.019400652482323477
2.5,0.0,1.0,3.0,0.04225352112676056,0.05714285714285714,0.058823529411764705,0.15942028985507245,0.0,0.06352803950729097,0.05862304065337926
2.32379000772445,0.0,2.0,1.0,0.0,0.07246376811594203,0.0684931506849315,0.09859154929577464,0.0759493670886076,0.06309956703705115,0.037158890365208766
2.5,2.0,2.0,3.0,0.109375,0.06349206349206349,0.04838709677419355,0.046875,0.046875,0.06300083205325141,0.026853542311515644
2.5,1.75,1.0,3.0,0.07462686567164178,0.03225806451612903,0.057971014492753624,0.06349206349206349,0.08333333333333333,0.06233626830118425,0.019474503651939264
2.5,2.0,1.0,1.0,0.06060606060606061,0.1076923076923077,0.015625,0.06153846153846154,0.06349206349206349,0.061790778665778666,0.03256758771257421
2.32379000772445,0.0,3.0,1.0,0.07317073170731707,0.0136986301369863,0.07894736842105263,0.08333333333333333,0.05333333333333334,0.06049667938640453,0.028565465302552467
2.5,1.75,2.0,2.0,0.03076923076923077,0.07575757575757576,0.07692307692307693,0.028985507246376812,0.08955223880597014,0.06039752590044608,0.028388259197794294
2.5,0.0,1.0,2.0,0.09230769230769231,0.013513513513513514,0.07352941176470588,0.04411764705882353,0.07142857142857142,0.058979367214661335,0.030681746667356184
2.5,2.0,2.0,1.5,0.015625,0.1044776119402985,0.06153846153846154,0.06349206349206349,0.046153846153846156,0.05825739662493394,0.03216555845919326
2.5,1.75,3.0,2.5,0.05,0.04477611940298507,0.06153846153846154,0.03076923076923077,0.10294117647058823,0.05800499763625312,0.02744365017030989
2.5,2.0,1.0,1.5,0.046153846153846156,0.06349206349206349,0.04838709677419355,0.078125,0.046875,0.05660660128402064,0.013981912251797476
2.5,2.0,2.0,1.0,0.046153846153846156,0.09090909090909091,0.030303030303030304,0.0547945205479452,0.058823529411764705,0.05619680346513546,0.02227755297545751
2.5,2.0,2.0,2.5,0.031746031746031744,0.0625,0.06153846153846154,0.06349206349206349,0.05970149253731343,0.05579560986277404,0.01351668152700062
2.5,2.0,3.0,2.5,0.03076923076923077,0.0625,0.046153846153846156,0.09090909090909091,0.047619047619047616,0.055590243090243095,0.022714719615394546
2.5,0.0,3.0,3.0,0.04225352112676056,0.07575757575757576,0.056338028169014086,0.05405405405405406,0.046153846153846156,0.05491140505225013,0.012983162178925742
2.5,2.0,3.0,1.5,0.045454545454545456,0.058823529411764705,0.03076923076923077,0.015384615384615385,0.11940298507462686,0.053966981218956635,0.04001453736735651
2.5,1.75,3.0,1.5,0.07246376811594203,0.04918032786885246,0.07352941176470588,0.014925373134328358,0.046153846153846156,0.05125054540753497,0.023958970076233026
2.5,1.75,1.0,1.0,0.058823529411764705,0.045454545454545456,0.058823529411764705,0.03225806451612903,0.057971014492753624,0.0506661366573915,0.01175228867190633
2.5,2.0,1.0,2.0,0.0967741935483871,0.03076923076923077,0.014925373134328358,0.014925373134328358,0.09375,0.050228834117254914,0.041629038067120795
2.5,1.75,2.0,1.5,0.06060606060606061,0.030303030303030304,0.030303030303030304,0.11475409836065574,0.014925373134328358,0.05017831854142106,0.03972276887637182
2.5,1.5,1.0,1.0,0.04477611940298507,0.057971014492753624,0.07462686567164178,0.027777777777777776,0.04477611940298507,0.04998557934962867,0.017452962231055195
2.5,1.5,2.0,3.0,0.045454545454545456,0.030303030303030304,0.08571428571428572,0.05555555555555555,0.028985507246376812,0.04920258485475877,0.023202563031933635
2.5,1.75,1.0,2.5,0.03125,0.0,0.029411764705882353,0.06060606060606061,0.12121212121212122,0.04849598930481284,0.045955909360981644
2.5,1.5,2.0,2.5,0.045454545454545456,0.04411764705882353,0.0136986301369863,0.12307692307692308,0.014285714285714285,0.04812669200259853,0.04464093738735558
2.5,1.5,1.0,2.0,0.015151515151515152,0.043478260869565216,0.07246376811594203,0.06153846153846154,0.043478260869565216,0.04722205330900983,0.021786779777868852
2.5,1.5,2.0,1.5,0.029850746268656716,0.028169014084507043,0.058823529411764705,0.029411764705882353,0.078125,0.04487601089416217,0.022605606489292693
2.5,1.5,3.0,2.5,0.05970149253731343,0.07692307692307693,0.02857142857142857,0.02857142857142857,0.029411764705882353,0.044635838261825975,0.02245741888639332
2.5,0.0,2.0,2.5,0.04477611940298507,0.02857142857142857,0.029850746268656716,0.07575757575757576,0.04285714285714286,0.044362602571557795,0.01902653999109398
2.5,1.75,1.0,1.5,0.05,0.030303030303030304,0.045454545454545456,0.06153846153846154,0.03225806451612903,0.04391082036243327,0.012953316161930748
2.5,0.0,2.0,2.0,0.07352941176470588,0.02702702702702703,0.014285714285714285,0.057971014492753624,0.043478260869565216,0.04325828568795321,0.023641687245702814
2.5,2.0,3.0,1.0,0.07142857142857142,0.013157894736842105,0.07575757575757576,0.0410958904109589,0.014285714285714285,0.043145129323932496,0.02999926755074815
2.5,2.0,3.0,2.0,0.045454545454545456,0.014925373134328358,0.0625,0.015151515151515152,0.07575757575757576,0.04275780189959295,0.02748983014364368
2.5,1.75,2.0,1.0,0.029850746268656716,0.06666666666666667,0.04411764705882353,0.04285714285714286,0.028985507246376812,0.04249554201953332,0.015243171797437638
2.5,1.5,2.0,2.0,0.014285714285714285,0.06153846153846154,0.045454545454545456,0.029411764705882353,0.06153846153846154,0.042445789504613037,0.02062152093044071
2.5,1.5,2.0,1.0,0.0,0.02702702702702703,0.07042253521126761,0.05405405405405406,0.058823529411764705,0.04206542914082268,0.028391637781349243
2.5,0.0,2.0,3.0,0.014285714285714285,0.05405405405405406,0.04477611940298507,0.030303030303030304,0.05970149253731343,0.04062408211661943,0.018451184777420845
2.5,0.0,3.0,1.5,0.08823529411764706,0.06349206349206349,0.0,0.014925373134328358,0.02631578947368421,0.038593704043544626,0.03634771944127492
2.5,1.5,3.0,2.0,0.014084507042253521,0.07352941176470588,0.04411764705882353,0.014285714285714285,0.04411764705882353,0.038026985442064155,0.024857115785520377
2.5,0.0,2.0,1.0,0.013888888888888888,0.04054054054054054,0.030303030303030304,0.02857142857142857,0.07142857142857142,0.036946491946491945,0.021493378739807806
2.5,0.0,3.0,2.5,0.043478260869565216,0.013888888888888888,0.015151515151515152,0.06944444444444445,0.04225352112676056,0.03684332609623485,0.02309527190160408
2.5,0.0,1.0,1.0,0.06349206349206349,0.0,0.014285714285714285,0.04225352112676056,0.058823529411764705,0.03577096566326061,0.027762751560268587
2.5,1.75,3.0,1.0,0.07246376811594203,0.058823529411764705,0.013333333333333334,0.0,0.02631578947368421,0.03418728406694486,0.030568169294418426
2.5,1.5,3.0,1.5,0.057971014492753624,0.02857142857142857,0.014492753623188406,0.014492753623188406,0.046875,0.032480590062111805,0.01948952820222566
2.5,0.0,2.0,1.5,0.0136986301369863,0.015625,0.014705882352941176,0.029411764705882353,0.07246376811594203,0.029181009062350372,0.025032225288609617
2.5,0.0,1.0,1.5,0.0547945205479452,0.028169014084507043,0.027777777777777776,0.014492753623188406,0.014925373134328358,0.028031887833549356,0.01636620579167526
2.5,0.0,3.0,2.0,0.02531645569620253,0.04477611940298507,0.0,0.029411764705882353,0.04,0.027900867961013993,0.01745410794077331
2.5,1.5,3.0,3.0,0.0,0.014705882352941176,0.05970149253731343,0.028985507246376812,0.029411764705882353,0.026560929368502757,0.022126499247578833
2.5,1.5,3.0,1.0,0.013888888888888888,0.039473684210526314,0.013513513513513514,0.06578947368421052,0.0,0.02653311205942785,0.026181638112687006
1.5,1.75,3.0,0.5,0.031914893617021274,0.031578947368421054,0.021505376344086023,0.01020408163265306,0.011111111111111112,0.021262882014658504,0.0105510766918231
2.32379000772445,1.75,1.0,0.5,0.02531645569620253,0.012987012987012988,0.025,0.0,0.024096385542168676,0.01747997084507684,0.011039410398836793
2.0,2.0,2.0,0.5,0.023529411764705882,0.011363636363636364,0.010869565217391304,0.0,0.037037037037037035,0.016559930076554118,0.014155375208681382
2.5,0.0,3.0,1.0,0.0,0.0,0.04,0.025974025974025976,0.013888888888888888,0.01597258297258297,0.017262200220329964
2.32379000772445,1.75,3.0,0.5,0.0,0.0,0.023255813953488372,0.02247191011235955,0.03333333333333333,0.015812211479836254,0.01505656483425931
2.5,1.5,1.0,0.5,0.0,0.02702702702702703,0.012345679012345678,0.02531645569620253,0.0125,0.015437832347115049,0.01105006302386042
1.5,1.5,3.0,0.5,0.010526315789473684,0.011363636363636364,0.011764705882352941,0.0,0.041666666666666664,0.01506426494042593,0.01565083528232066
0.0,1.75,1.0,0.5,0.013333333333333334,0.047619047619047616,0.0,0.013513513513513514,0.0,0.014893178893178894,0.019486743145544282
1.5,1.75,2.0,0.5,0.0,0.033707865168539325,0.0,0.011764705882352941,0.02564102564102564,0.014222719338383583,0.015171205849818592
1.5,0.0,2.0,0.5,0.04819277108433735,0.0,0.0,0.011235955056179775,0.011235955056179775,0.01413293623933938,0.019851556129874076
2.32379000772445,1.75,2.0,0.5,0.03296703296703297,0.010869565217391304,0.012195121951219513,0.0,0.011764705882352941,0.013559285203599345,0.011966943410967634
1.5,0.0,3.0,0.5,0.022222222222222223,0.02197802197802198,0.01,0.011235955056179775,0.0,0.013087239851284797,0.009310317690061009
2.0,1.75,1.0,0.5,0.013888888888888888,0.02564102564102564,0.013157894736842105,0.012345679012345678,0.0,0.013006697655820462,0.009083480818547724
1.5,1.5,2.0,0.5,0.011363636363636364,0.02197802197802198,0.0,0.010526315789473684,0.021052631578947368,0.012984121142015878,0.00898951184460636
2.0,1.5,2.0,0.5,0.010638297872340425,0.010638297872340425,0.0,0.042105263157894736,0.0,0.012676371780515117,0.017289794253024335
2.32379000772445,1.5,1.0,0.5,0.012658227848101266,0.02564102564102564,0.011904761904761904,0.0,0.011627906976744186,0.012366384474126598,0.00908277463165125
2.5,2.0,2.0,0.5,0.0449438202247191,0.0,0.0,0.011111111111111112,0.0,0.011210986267166042,0.0194613251161271
2.5,0.0,2.0,0.5,0.023529411764705882,0.0,0.00980392156862745,0.020833333333333332,0.0,0.010833333333333334,0.011146437977433647
2.32379000772445,1.5,2.0,0.5,0.010526315789473684,0.01904761904761905,0.0,0.011363636363636364,0.01098901098901099,0.010385316437948017,0.00678659932924693
1.5,1.5,1.0,0.5,0.01282051282051282,0.0,0.025974025974025976,0.01282051282051282,0.0,0.010323010323010324,0.010846179196108125
2.0,1.75,2.0,0.5,0.012195121951219513,0.0,0.022988505747126436,0.0,0.011494252873563218,0.009335576114381832,0.00966366051342754
2.32379000772445,2.0,2.0,0.5,0.011904761904761904,0.0,0.0,0.010869565217391304,0.023255813953488372,0.009206028215128316,0.009707586069342423
2.32379000772445,1.5,3.0,0.5,0.011764705882352941,0.010416666666666666,0.011235955056179775,0.0,0.011363636363636364,0.00895619279376715,0.005030586933364033
0.0,1.5,3.0,0.5,0.0,0.023255813953488372,0.0,0.011111111111111112,0.01020408163265306,0.00891420133945051,0.009631952386812116
1.5,2.0,2.0,0.5,0.011494252873563218,0.011235955056179775,0.010416666666666666,0.0,0.011111111111111112,0.008851597141504155,0.004964232315685549
2.5,1.75,3.0,0.5,0.0,0.0,0.022222222222222223,0.02197802197802198,0.0,0.008840048840048841,0.012105043299055152
2.5,1.75,2.0,0.5,0.0,0.010526315789473684,0.010869565217391304,0.0,0.022727272727272728,0.008824630746827542,0.00943542737036074
0.0,0.0,2.0,0.5,0.0,0.011111111111111112,0.0,0.021052631578947368,0.011904761904761904,0.008813700918964076,0.008944087755141354
2.0,1.75,3.0,0.5,0.0,0.0,0.020833333333333332,0.011235955056179775,0.011363636363636364,0.008686584950629895,0.008833500221948822
2.5,1.5,2.0,0.5,0.0,0.021052631578947368,0.011111111111111112,0.011235955056179775,0.0,0.00867993954924765,0.008891147558862594
2.0,0.0,1.0,0.5,0.0,0.031914893617021274,0.0,0.01098901098901099,0.0,0.008580780921206453,0.013884972011258125
1.5,1.75,1.0,0.5,0.0,0.012345679012345678,0.0,0.0,0.028985507246376812,0.0082662372517445,0.012756586819120085
2.32379000772445,0.0,1.0,0.5,0.0,0.013333333333333334,0.0,0.025,0.0,0.007666666666666667,0.011279282877125754
2.5,1.75,1.0,0.5,0.013157894736842105,0.0,0.011494252873563218,0.0125,0.0,0.007430429522081064,0.0068088477111432795
0.0,1.5,2.0,0.5,0.0,0.0,0.012048192771084338,0.011235955056179775,0.010752688172043012,0.006807367199861425,0.006231466461238249
2.0,2.0,3.0,0.5,0.0,0.010526315789473684,0.0,0.011235955056179775,0.011904761904761904,0.006733406550083072,0.006166026826283214
0.0,1.75,2.0,0.5,0.01098901098901099,0.011627906976744186,0.0,0.0,0.01098901098901099,0.006721185790953233,0.006141116623026844
0.0,2.0,3.0,0.5,0.0,0.022222222222222223,0.0,0.011363636363636364,0.0,0.006717171717171717,0.009966912918613863
0.0,1.75,3.0,0.5,0.0,0.0,0.012048192771084338,0.021505376344086023,0.0,0.006710713823034073,0.009778442624936252
1.5,2.0,3.0,0.5,0.0,0.0,0.011627906976744186,0.020833333333333332,0.0,0.006492248062015505,0.009466910450932151
2.0,0.0,2.0,0.5,0.0,0.011494252873563218,0.010869565217391304,0.009900990099009901,0.0,0.006452961637992885,0.00591800922122871
2.0,1.5,3.0,0.5,0.02040816326530612,0.0,0.0,0.0,0.01020408163265306,0.006122448979591836,0.009126808071427711
0.0,2.0,1.0,0.5,0.0,0.0,0.0,0.0,0.02666666666666667,0.005333333333333334,0.01192569587999888
1.5,2.0,1.0,0.5,0.011904761904761904,0.013157894736842105,0.0,0.0,0.0,0.005012531328320802,0.006877975689254432
2.0,1.5,1.0,0.5,0.012195121951219513,0.0,0.0,0.0,0.0125,0.0049390243902439025,0.006763896616743844
2.32379000772445,2.0,3.0,0.5,0.0,0.022988505747126436,0.0,0.0,0.0,0.004597701149425287,0.01028077231034386
0.0,0.0,1.0,0.5,0.010752688172043012,0.0,0.011764705882352941,0.0,0.0,0.00450347881087919,0.006177013850220719
2.32379000772445,0.0,3.0,0.5,0.010752688172043012,0.0,0.010752688172043012,0.0,0.0,0.004301075268817204,0.005889489865646948
2.5,1.5,3.0,0.5,0.0,0.0,0.0,0.021052631578947368,0.0,0.004210526315789474,0.009415023063157009
0.0,0.0,3.0,0.5,0.0,0.009900990099009901,0.01098901098901099,0.0,0.0,0.004178000217604178,0.005733880413075285
2.5,2.0,1.0,0.5,0.0,0.013513513513513514,0.0,0.0,0.0,0.002702702702702703,0.0060434269662156485
2.0,2.0,1.0,0.5,0.013333333333333334,0.0,0.0,0.0,0.0,0.002666666666666667,0.00596284793999944
2.5,2.0,3.0,0.5,0.0,0.0,0.0,0.0,0.012658227848101266,0.002531645569620253,0.0056609315886070625
1.5,0.0,1.0,0.5,0.0,0.0,0.011494252873563218,0.0,0.0,0.0022988505747126436,0.00514038615517193
2.0,0.0,3.0,0.5,0.0,0.0,0.010309278350515464,0.0,0.0,0.002061855670103093,0.004610449438143897
2.32379000772445,2.0,1.0,0.5,0.0,0.0,0.0,0.0,0.0,0.0,0.0
2.32379000772445,0.0,2.0,0.5,0.0,0.0,0.0,0.0,0.0,0.0,0.0
2.5,0.0,1.0,0.5,0.0,0.0,0.0,0.0,0.0,0.0,0.0
0.0,2.0,2.0,0.5,0.0,0.0,0.0,0.0,0.0,0.0,0.0
2.5,0.0,3.0,0.5,0.0,0.0,0.0,0.0,0.0,0.0,0.0
0.0,1.5,1.0,0.5,0.0,0.0,0.0,0.0,0.0,0.0,0.0
